{"AUC": 0.9484350726721995, "confusion_matrix": {"_type": "image-file", "sha256": "249fa720baec1636fc7062a9d3b6c9071bc775a46e97b1bffb88520d986daefc", "size": 85234, "path": "media/images/confusion_matrix_0_249fa720baec1636fc70.png", "format": "png", "width": 1000, "height": 1000}, "_timestamp": 1761176649.945862, "_runtime": 9.720235109329224, "_step": 0, "_wandb": {"runtime": 8}}